<?xml version="1.0" encoding="UTF-8" ?>
<!DOCTYPE mapper PUBLIC "-//mybatis.org//DTD Mapper 3.0//EN" "http://mybatis.org/dtd/mybatis-3-mapper.dtd">
<mapper namespace="userMapper">

    <!--查询操作-->
    <select id="findAll" resultType="domain.User">
        select * from user
    </select>

    <!--插入操作-->
    <insert id="save" parameterType="domain.Result">
        insert into result values(#{id},#{min},#{max},#{avg_integral})
    </insert>

    <!--修改操作-->
    <update id="update" parameterType="domain.User">
        update user set username=#{username},password=#{password} where id=#{id}
    </update>

    <!--删除操作-->
    <delete id="delete" parameterType="int">
        delete from user where id=#{abc}
    </delete>

    <!--根据id进行查询-->
    <select id="findById" resultType="user" parameterType="int">
        select * from user where id=#{id}
    </select>


</mapper>